epoch,time,train/box_loss,train/cls_loss,train/dfl_loss,metrics/precision(B),metrics/recall(B),metrics/mAP50(B),metrics/mAP50-95(B),val/box_loss,val/cls_loss,val/dfl_loss,lr/pg0,lr/pg1,lr/pg2
1,11.378,1.1744,3.37224,1.14445,0,0,0,0,1.11339,4.20828,1.09563,0.000307692,0.000307692,0.0695385
2,22.607,1.08807,1.73059,1.07714,0,0,0,0,1.06306,4.03492,1.05406,0.000630876,0.000630876,0.0365283
3,33.7964,0.97747,1.80119,0.97819,0.95,0.65385,0.651,0.38222,1.10444,3.87238,1.05862,0.000943504,0.000943504,0.00350761
4,44.955,1.0347,1.23274,1.01832,0.76786,0.88462,0.8651,0.56629,1.07417,3.72001,1.02858,0.0009525,0.0009525,0.0009525
5,56.0926,0.93105,1.40703,0.93923,0.30611,0.96154,0.94347,0.57378,1.27349,3.36898,1.1351,0.000936667,0.000936667,0.000936667
6,67.2258,0.76774,1.25222,0.88472,0.18393,1,0.95249,0.61298,1.21629,3.04702,1.10161,0.000920833,0.000920833,0.000920833
7,78.5197,0.85745,1.00233,0.97579,0.98435,0.46154,0.97739,0.64719,1.22954,2.24641,1.08211,0.000905,0.000905,0.000905
8,89.6519,0.81079,0.94019,0.90283,0.97055,0.87081,0.98783,0.65787,1.29473,1.59885,1.09438,0.000889167,0.000889167,0.000889167
9,100.832,0.76816,0.89714,0.90729,0.94443,0.92308,0.99,0.69998,1.13364,1.3775,1.01834,0.000873333,0.000873333,0.000873333
10,112.014,0.75639,0.889,0.91623,0.9739,0.92308,0.98783,0.71686,1.04937,1.14546,0.98283,0.0008575,0.0008575,0.0008575
11,123.243,0.74172,0.85759,0.90505,0.96598,0.92308,0.98783,0.64053,1.33291,1.00309,1.10814,0.000841667,0.000841667,0.000841667
12,134.502,0.71265,0.81274,0.88956,0.98052,0.92308,0.98783,0.6674,1.25938,0.93438,1.06487,0.000825833,0.000825833,0.000825833
13,145.538,0.6678,0.79043,0.87742,0.97926,0.957,0.9925,0.76501,0.92405,0.79159,0.92194,0.00081,0.00081,0.00081
14,156.646,0.66806,0.75809,0.88671,0.98663,0.95801,0.9925,0.76268,0.9476,0.77945,0.92816,0.000794167,0.000794167,0.000794167
15,167.629,0.66863,0.74976,0.89005,0.9959,0.97098,0.995,0.71476,1.08215,0.76565,0.97768,0.000778333,0.000778333,0.000778333
16,178.533,0.63705,0.72021,0.87624,0.99601,0.96763,0.995,0.77066,0.912,0.73963,0.91849,0.0007625,0.0007625,0.0007625
17,189.503,0.61429,0.7039,0.88653,0.99628,0.97522,0.995,0.74188,1.04177,0.74624,0.94779,0.000746667,0.000746667,0.000746667
18,200.739,0.60542,0.67181,0.876,0.99754,0.98575,0.995,0.75499,0.9574,0.71385,0.91761,0.000730833,0.000730833,0.000730833
19,211.777,0.52028,0.77383,0.78179,0.99631,0.98347,0.995,0.71902,1.0484,0.72753,0.96453,0.000715,0.000715,0.000715
20,223.05,0.54508,0.61831,0.85203,0.9776,0.99644,0.995,0.70441,1.09071,0.73135,0.99029,0.000699167,0.000699167,0.000699167
21,234.203,0.55987,0.6297,0.86197,0.99399,0.96154,0.98068,0.76756,0.84316,0.64727,0.9084,0.000683333,0.000683333,0.000683333
22,245.256,0.58192,0.60587,0.85177,0.99122,0.96154,0.97896,0.75691,0.85937,0.63361,0.90737,0.0006675,0.0006675,0.0006675
23,256.194,0.52883,0.59164,0.81908,0.97582,0.99642,0.995,0.73604,0.93234,0.63681,0.93026,0.000651667,0.000651667,0.000651667
24,267.429,0.5161,0.60795,0.8525,0.98095,0.99597,0.995,0.78135,0.80203,0.62212,0.8947,0.000635833,0.000635833,0.000635833
25,278.859,0.5057,0.57659,0.8334,0.99056,0.96154,0.9925,0.78865,0.75858,0.6274,0.88503,0.00062,0.00062,0.00062
26,290.103,0.52723,0.57596,0.82663,0.99187,0.96154,0.98844,0.81744,0.68499,0.60941,0.87476,0.000604167,0.000604167,0.000604167
27,301.352,0.51019,0.57216,0.83268,0.99039,0.96154,0.98167,0.78294,0.73366,0.60777,0.88654,0.000588333,0.000588333,0.000588333
28,312.249,0.51476,0.5649,0.81304,0.9904,0.96154,0.9775,0.78257,0.73923,0.62088,0.88923,0.0005725,0.0005725,0.0005725
29,323.466,0.48915,0.53702,0.82625,0.99065,0.96154,0.97468,0.81852,0.6179,0.6056,0.86422,0.000556667,0.000556667,0.000556667
30,334.598,0.49114,0.5462,0.82724,0.99072,0.96154,0.97422,0.82239,0.62492,0.61183,0.86275,0.000540833,0.000540833,0.000540833
31,345.794,0.49002,0.54556,0.8386,0.99421,0.96154,0.97625,0.7903,0.73859,0.59595,0.88182,0.000525,0.000525,0.000525
32,357.093,0.48175,0.53788,0.83948,0.99245,0.96154,0.98528,0.77244,0.80245,0.6004,0.90553,0.000509167,0.000509167,0.000509167
33,368.25,0.50892,0.54711,0.82426,0.99412,0.96154,0.98528,0.79143,0.74947,0.59033,0.89058,0.000493333,0.000493333,0.000493333
34,379.227,0.4374,0.62351,0.77077,0.99347,0.96154,0.98167,0.82836,0.62845,0.55381,0.86123,0.0004775,0.0004775,0.0004775
35,390.277,0.4984,0.52117,0.83097,0.99141,0.96154,0.98676,0.80201,0.72209,0.56945,0.87909,0.000461667,0.000461667,0.000461667
36,401.511,0.46135,0.50817,0.81911,0.98723,0.96154,0.98676,0.80108,0.76467,0.58179,0.88849,0.000445833,0.000445833,0.000445833
37,412.743,0.41247,0.58474,0.7534,0.97389,0.96146,0.98844,0.81664,0.67914,0.55717,0.87031,0.00043,0.00043,0.00043
38,423.787,0.45859,0.50215,0.82076,0.97055,0.95876,0.99033,0.82394,0.64898,0.55813,0.86409,0.000414167,0.000414167,0.000414167
39,434.977,0.48137,0.49897,0.82423,0.96932,0.95663,0.99033,0.82367,0.6514,0.5482,0.86096,0.000398333,0.000398333,0.000398333
40,446.119,0.45419,0.4874,0.81669,0.97277,0.9566,0.98844,0.83155,0.65002,0.54095,0.85869,0.0003825,0.0003825,0.0003825
41,457.164,0.43132,0.4852,0.8109,0.97884,0.95835,0.98676,0.83111,0.63096,0.5293,0.8559,0.000366667,0.000366667,0.000366667
42,468.485,0.43793,0.47148,0.81247,0.98172,0.96154,0.98676,0.82233,0.58107,0.5155,0.84709,0.000350833,0.000350833,0.000350833
43,479.633,0.4137,0.46352,0.81307,0.98589,0.96154,0.98676,0.82721,0.599,0.50969,0.85053,0.000335,0.000335,0.000335
44,490.983,0.42641,0.46467,0.8051,0.98509,0.96154,0.98528,0.8285,0.64832,0.51588,0.85964,0.000319167,0.000319167,0.000319167
45,502.214,0.44983,0.47296,0.83229,0.9833,0.96154,0.98676,0.79399,0.6759,0.52326,0.85954,0.000303333,0.000303333,0.000303333
46,513.382,0.42481,0.45888,0.79418,0.98133,0.96154,0.98676,0.81671,0.65094,0.51928,0.85288,0.0002875,0.0002875,0.0002875
47,524.542,0.41357,0.44282,0.79121,0.97943,0.96154,0.98676,0.82062,0.61146,0.51179,0.84557,0.000271667,0.000271667,0.000271667
48,535.683,0.40387,0.45155,0.78161,0.97999,0.96154,0.99033,0.83143,0.64677,0.50171,0.85311,0.000255833,0.000255833,0.000255833
49,546.708,0.45129,0.46859,0.83057,0.9834,0.96154,0.98844,0.82044,0.67875,0.50655,0.86121,0.00024,0.00024,0.00024
50,557.985,0.40087,0.45629,0.81352,0.98881,0.96154,0.99033,0.82764,0.67389,0.50452,0.85878,0.000224167,0.000224167,0.000224167
51,569.344,0.41838,0.44021,0.81936,0.99154,0.96154,0.99033,0.85208,0.6009,0.48951,0.84349,0.000208333,0.000208333,0.000208333
52,580.496,0.41516,0.45517,0.81374,0.99131,0.96154,0.9925,0.85459,0.57783,0.48443,0.83996,0.0001925,0.0001925,0.0001925
53,591.59,0.39721,0.43434,0.82597,0.99116,0.96154,0.9925,0.85107,0.58547,0.48184,0.83964,0.000176667,0.000176667,0.000176667
54,602.833,0.40509,0.43048,0.80232,0.9908,0.96154,0.9925,0.84857,0.61005,0.48345,0.84421,0.000160833,0.000160833,0.000160833
55,614.078,0.38176,0.42743,0.80512,0.99053,0.96154,0.9925,0.83096,0.65009,0.49148,0.8531,0.000145,0.000145,0.000145
56,625.277,0.38298,0.42833,0.79352,0.99005,0.96154,0.99033,0.82992,0.66651,0.49793,0.85712,0.000129167,0.000129167,0.000129167
57,636.467,0.40251,0.41801,0.79846,0.99066,0.96154,0.99033,0.8303,0.66017,0.49757,0.85569,0.000113333,0.000113333,0.000113333
58,647.719,0.42899,0.45967,0.82616,0.99132,0.96154,0.98844,0.83841,0.64035,0.49103,0.85027,9.75e-05,9.75e-05,9.75e-05
59,658.676,0.41523,0.42527,0.80675,0.99135,0.96154,0.98844,0.83558,0.63646,0.48805,0.85003,8.16667e-05,8.16667e-05,8.16667e-05
60,669.72,0.38865,0.40833,0.80166,0.99097,0.96154,0.98844,0.83145,0.64445,0.4871,0.85196,6.58333e-05,6.58333e-05,6.58333e-05
